City_ID,City,Lat,Lng,Max Temp,Humidity,Cloudiness,Wind Speed,Country,Date
0,arenapolis,-14.4503,-56.8461,75.7,29,0,5.64,BR,1722901313
1,verkhnevilyuysk,63.4453,120.3167,64.54,66,94,6.67,RU,1722901315
2,ribeira grande,38.5167,-28.7,76.77,92,40,8.01,PT,1722901316
3,puerto ayora,-0.7393,-90.3518,68.4,83,56,10.0,EC,1722901191
4,port-aux-francais,-49.35,70.2167,35.04,86,85,24.58,TF,1722901318
5,avarua,-21.2078,-159.775,78.85,78,20,12.66,CK,1722901319
6,guerrero negro,27.9769,-114.0611,75.96,66,90,15.55,MX,1722901321
7,isafjordur,66.0755,-23.124,43.97,96,100,22.68,IS,1722901180
8,edinburgh of the seven seas,-37.0676,-12.3116,56.41,95,97,23.73,SH,1722901323
9,erenhot,43.6475,111.9767,75.85,32,33,8.05,CN,1722901324
10,grytviken,-54.2811,-36.5092,13.46,77,100,11.56,GS,1722901166
11,taoudenni,22.6783,-3.9836,101.77,15,38,8.01,ML,1722901326
12,port mathurin,-19.6833,63.4167,71.89,78,16,13.47,MU,1722901327
13,puerto natales,-51.7236,-72.4875,27.46,94,24,2.1,CL,1722901328
14,tsetserleg,47.475,101.4542,56.21,64,4,3.6,MN,1722901329
15,saint-pierre,-21.3393,55.4781,65.88,55,0,10.36,RE,1722901331
16,choibalsan,48.0667,114.5,67.33,69,63,4.21,MN,1722901332
17,blackmans bay,-43.0167,147.3167,50.74,68,100,1.01,AU,1722901198
18,albany,42.6001,-73.9662,79.36,71,86,4.18,US,1722900729
19,college,64.8569,-147.8028,86.45,33,20,10.36,US,1722901335
20,morinville,53.8001,-113.652,62.47,90,100,6.91,CA,1722901336
21,ushuaia,-54.8,-68.3,26.26,74,0,5.75,AR,1722901337
22,iqaluit,63.7506,-68.5145,46.13,75,100,5.75,CA,1722901339
23,bethel,41.3712,-73.414,82.02,79,43,1.99,US,1722901105
24,portland,45.5234,-122.6762,90.28,36,20,9.22,US,1722901341
25,waitangi,-43.9535,-176.5597,50.83,85,56,5.01,NZ,1722901121
26,colonia menno,-22.3667,-59.8167,80.82,36,4,9.86,PY,1722901344
27,buseresere,-3.0236,31.8747,65.57,30,4,3.96,TZ,1722901345
28,fort mcmurray,56.7268,-111.381,69.39,52,0,13.8,CA,1722901346
29,bredasdorp,-34.5322,20.0403,45.37,85,0,7.7,ZA,1722901347
30,tazacorte,28.629,-17.9293,72.57,93,0,12.66,ES,1722901348
31,soe,-9.8607,124.284,70.38,71,42,4.92,ID,1722901349
32,nadym,65.5333,72.5167,45.99,71,47,11.74,RU,1722901350
33,adamstown,-25.066,-130.1015,66.36,72,42,13.33,PN,1722901181
34,robstown,27.7903,-97.6689,92.98,66,40,4.61,US,1722901352
35,utrik,11.2278,169.8474,82.78,80,98,13.89,MH,1722901354
36,arraial do cabo,-22.9661,-42.0278,75.06,78,0,14.97,BR,1722901355
37,sao tome,0.3365,6.7273,73.98,83,83,10.83,ST,1722901356
38,cooma,-36.2333,149.1333,44.83,66,5,2.1,AU,1722901357
39,lihue,21.9789,-159.3672,83.79,67,20,12.66,US,1722901358
40,koryazhma,61.3143,47.1691,57.61,99,95,5.14,RU,1722901359
41,anadyr,64.75,177.4833,43.3,75,40,13.42,RU,1722901360
42,porto novo,6.4965,2.6036,76.82,83,100,9.84,BJ,1722901361
43,quelimane,-17.8786,36.8883,71.55,94,0,5.75,MZ,1722901362
44,olonkinbyen,70.9221,-8.7187,43.3,98,100,6.15,SJ,1722901363
45,casper,42.8666,-106.3131,94.71,18,0,5.75,US,1722901365
46,brindisi,40.5833,17.6667,80.49,61,2,7.67,IT,1722901366
47,yellowknife,62.456,-114.3525,73.42,39,75,6.91,CA,1722901367
48,tshabong,-26.05,22.45,44.44,38,0,6.82,BW,1722901368
49,kyzylorda,44.8528,65.5092,68.02,68,0,4.47,KZ,1722901369
50,narman,40.3465,41.8703,57.04,95,0,3.4,TR,1722901370
51,papao,-17.75,-149.55,81.66,76,6,15.46,PF,1722901371
52,montevideo,-34.8335,-56.1674,62.62,88,100,13.8,UY,1722900662
53,bilibino,68.0546,166.4372,40.82,57,95,1.14,RU,1722901373
54,acarau,-2.8856,-40.12,77.54,80,99,16.93,BR,1722901374
55,sandnessjoen,66.0217,12.6316,57.72,70,59,15.3,NO,1722901376
56,alotau,-10.3069,150.4462,75.31,94,100,4.65,PG,1722901377
57,keflavik,64.0049,-22.5624,51.71,100,100,8.05,IS,1722901204
58,gumdag,39.2061,54.5906,90.28,19,0,16.53,TM,1722901379
59,enewetak,11.3474,162.3373,84.33,71,92,7.02,MH,1722901380
60,cabo san lucas,22.8909,-109.9124,92.5,56,0,14.97,MX,1722901381
61,machico,32.7,-16.7667,75.83,74,40,10.36,PT,1722901382
62,weno,7.4515,151.8468,84.15,84,75,3.44,FM,1722901383
63,floro,61.5996,5.0328,64.36,72,100,16.11,NO,1722901384
64,ta`u,-14.2336,-169.5144,78.49,71,20,3.44,AS,1722901385
65,papatowai,-46.5619,169.4708,52.74,58,22,8.01,NZ,1722901387
66,wailua homesteads,22.0669,-159.378,83.19,71,20,12.66,US,1722901388
67,nurabad,34.0734,47.9725,71.46,29,0,1.99,IR,1722901389
68,al burayqah,30.4062,19.5739,82.24,68,0,8.37,LY,1722901390
69,alice springs,-23.7,133.8833,47.75,87,0,6.91,AU,1722901378
70,east london,-33.0153,27.9116,56.05,53,0,6.4,ZA,1722901392
71,kapa'a,22.0752,-159.319,84.52,68,20,12.66,US,1722901393
72,corner brook,48.9667,-57.9484,71.76,94,31,3.38,CA,1722901113
73,juneau,58.3019,-134.4197,75.2,41,20,11.5,US,1722901395
74,susangerd,31.5608,48.1831,95.09,13,0,10.8,IR,1722901396
75,chipinge,-20.1883,32.6236,54.19,76,2,7.61,ZW,1722901398
76,laojunmiao,39.8333,97.7333,71.35,33,22,5.7,CN,1722901399
77,tiksi,71.6872,128.8694,58.8,64,100,7.23,RU,1722901174
78,garachico,28.7781,-17.7646,69.91,68,0,12.66,ES,1722901401
79,nampula,-15.1165,39.2666,59.97,82,11,2.86,MZ,1722901402
80,invercargill,-46.4,168.35,54.01,70,63,8.99,NZ,1722901403
81,berezovo,63.9381,65.0419,45.27,75,99,10.96,RU,1722901404
82,west island,-12.1568,96.8225,78.78,73,20,10.36,CC,1722901169
83,uturoa,-16.7333,-151.4333,78.51,78,37,16.82,PF,1722901200
84,madalena,41.2162,-8.3345,63.3,91,0,1.52,PT,1722901407
85,fale old settlement,-9.3852,-171.2468,82.49,75,100,10.11,TK,1722901408
86,tabou,4.423,-7.3528,75.31,86,100,5.93,CI,1722901410
87,new norfolk,-42.7826,147.0587,51.93,88,100,6.26,AU,1722901150
88,dunedin,-45.8742,170.5036,55.8,50,18,3.0,NZ,1722901412
89,howard springs,-12.497,131.047,77.88,81,37,8.05,AU,1722901202
90,inhambane,-23.865,35.3833,69.51,69,45,14.18,MZ,1722901414
91,petropavlovsk-kamchatsky,53.0452,158.6483,57.79,94,100,6.71,RU,1722901415
92,tura,25.5198,90.2201,75.24,99,100,4.23,IN,1722901416
93,itoman,26.1247,127.6694,86.4,87,75,16.11,JP,1722901147
94,doka,13.5167,35.7667,68.34,96,100,6.26,SD,1722901418
95,irece,-11.3042,-41.8558,71.06,64,71,15.08,BR,1722901371
96,la'ie,21.6477,-157.9253,87.76,72,87,8.99,US,1722901421
97,queenstown,-31.8976,26.8753,44.24,28,0,5.35,ZA,1722901422
98,naze,28.3667,129.4833,85.12,80,40,9.1,JP,1722901423
99,grand falls-windsor,48.9332,-55.6649,73.51,87,94,7.11,CA,1722901236
100,onega,63.9061,38.1404,54.32,74,83,4.05,RU,1722901425
101,san antonio de pale,-1.4014,5.6325,71.51,75,100,10.04,GQ,1722901426
102,kristiansund,63.1115,7.732,62.65,96,100,3.44,NO,1722901427
103,hamilton,39.1834,-84.5333,90.45,56,0,8.05,US,1722901257
104,kapuskasing,49.4169,-82.4331,68.0,49,20,8.05,CA,1722901382
105,lagunas,-5.2269,-75.6753,75.45,89,86,2.84,PE,1722901430
106,conceicao da barra,-18.5933,-39.7322,69.24,83,0,3.53,BR,1722901432
107,zhaotong,27.3167,103.7167,64.99,92,22,2.57,CN,1722901433
108,fort bragg,35.139,-79.006,82.24,80,20,9.22,US,1722901434
109,tralee,52.2704,-9.7026,50.79,96,2,5.3,IE,1722901435
110,kirensk,57.7853,108.1119,64.62,49,6,1.81,RU,1722901436
111,qaqortoq,60.7167,-46.0333,47.52,79,100,1.19,GL,1722901437
112,udachny,66.4167,112.4,48.6,78,98,19.28,RU,1722901438
113,santa ana,33.7456,-117.8678,102.65,39,40,11.5,US,1722901439
114,margaret river,-33.95,115.0667,61.05,86,100,21.56,AU,1722901440
115,lebu,-37.6167,-73.65,45.39,86,52,5.55,CL,1722901441
116,laibin,23.7,109.2667,81.81,81,68,3.78,CN,1722901443
117,san patricio,28.017,-97.5169,91.29,51,51,14.72,US,1722901444
118,stanley,54.868,-1.6985,66.52,85,20,5.75,GB,1722901445
119,booneville,34.6582,-88.5667,94.39,50,46,9.17,US,1722901446
120,sisimiut,66.9395,-53.6735,42.71,82,68,2.04,GL,1722901447
121,jamestown,42.097,-79.2353,75.02,96,100,4.61,US,1722901448
122,bullsbrook,-31.6667,116.0,54.88,76,19,10.36,AU,1722901449
123,mana,5.6592,-53.7767,80.37,81,2,11.9,GF,1722901450
124,port elizabeth,-33.918,25.5701,50.29,73,0,3.44,ZA,1722901221
125,ancud,-41.8697,-73.8203,45.12,90,100,18.57,CL,1722901452
126,marsala,37.7966,12.4352,80.92,94,0,2.3,IT,1722901454
127,point pedro,9.8167,80.2333,81.25,83,100,11.61,LK,1722901456
128,bikenibeu village,1.3673,173.1241,84.49,64,63,10.98,KI,1722901457
129,okha,53.5739,142.9478,59.67,90,100,14.43,RU,1722901458
130,mareeba,-17.0,145.4333,73.49,73,7,4.74,AU,1722901459
131,bereket,39.2446,55.5154,90.57,19,0,16.91,TM,1722901460
132,smolenskoye,52.3044,85.0781,58.51,87,62,3.53,RU,1722901461
133,codrington,-38.2667,141.9667,50.41,83,78,15.99,AU,1722901394
134,saipan,15.1355,145.701,86.7,79,75,5.75,MP,1722901214
135,kone,-21.0595,164.8658,74.91,43,4,4.47,NC,1722901465
136,iskateley,67.6803,53.1512,39.76,85,8,9.51,RU,1722901466
137,lapeer,43.0514,-83.3188,77.67,78,75,5.75,US,1722901468
138,novodvinsk,64.4165,40.8122,51.55,79,88,4.76,RU,1722901469
139,morondava,-20.2833,44.2833,65.39,82,0,10.0,MG,1722901470
140,connellsville,40.0178,-79.5895,85.08,66,28,1.32,US,1722901328
141,geraldton,-28.7667,114.6,48.61,87,0,14.97,AU,1722901472
142,colares,38.7992,-9.4469,69.33,78,0,19.64,PT,1722901474
143,les avirons,-21.2418,55.3394,62.69,55,0,10.36,RE,1722901475
144,hawaiian paradise park,19.5933,-154.9731,81.91,70,0,10.36,US,1722901304
145,panshan,41.1881,122.0494,79.38,91,10,5.08,CN,1722901477
146,nyurba,63.2842,118.3319,65.57,59,70,7.25,RU,1722901478
147,tazovsky,67.4667,78.7,42.76,77,47,13.42,RU,1722901480
148,carnarvon,-24.8667,113.6333,62.51,62,1,4.94,AU,1722901481
149,nar'yan-mar,67.6713,53.087,39.74,86,8,9.57,RU,1722901483
150,garden city,42.3256,-83.331,84.22,63,75,10.36,US,1722901484
151,hadibu,12.65,54.0333,77.43,81,36,19.91,YE,1722901486
152,cadale,2.7603,46.3222,75.97,78,33,18.59,SO,1722901487
153,ust-nera,64.5667,143.2,62.65,47,100,4.29,RU,1722901488
154,aasiaat,68.7098,-52.8699,39.61,90,57,6.02,GL,1722901489
155,boca suno,-0.7167,-77.1333,72.7,90,87,1.16,EC,1722901491
156,vila franca do campo,37.7167,-25.4333,75.61,92,59,5.37,PT,1722901492
157,castillos,-34.1667,-53.8333,56.82,92,100,12.73,UY,1722901493
158,bengkulu,-3.8004,102.2655,74.44,84,20,6.6,ID,1722901494
159,lobujya,27.95,86.8167,38.93,97,100,3.49,NP,1722901495
160,sitka,57.0531,-135.33,67.89,73,0,5.75,US,1722901496
161,hastings,50.8552,0.5729,63.28,82,1,7.34,GB,1722901304
162,barguzin,53.6167,109.6167,65.62,65,0,1.21,RU,1722901498
163,rongelap,11.1635,166.8941,83.61,77,100,13.42,MH,1722901400
164,smithers,54.7804,-127.1743,77.32,29,40,5.75,CA,1722901501
165,labrador city,52.9463,-66.9114,53.51,76,100,10.36,CA,1722901502
166,altai,46.3722,96.2583,61.59,36,68,6.87,MN,1722901504
167,longyearbyen,78.2186,15.6401,48.04,87,75,10.36,SJ,1722901505
168,sellersburg,38.3981,-85.755,91.92,61,0,1.72,US,1722901507
169,saint joseph,39.7686,-94.8466,97.38,46,0,10.36,US,1722901508
170,dogubayazit,39.5469,44.0842,67.73,60,11,2.28,TR,1722901509
171,aykhal,66.0,111.5,49.01,74,85,14.27,RU,1722901388
172,sosnovo,60.5514,30.2144,54.88,95,7,3.24,RU,1722901512
173,tidjikja,18.5564,-11.4271,86.49,53,50,12.91,MR,1722901510
174,egilsstadir,65.2653,-14.3948,46.31,100,100,4.61,IS,1722901514
175,dingli,35.8614,14.3822,78.82,83,20,3.44,MT,1722901515
176,thompson,55.7435,-97.8558,73.56,33,75,4.61,CA,1722901516
177,sarangani,5.4033,125.4636,82.26,75,100,0.78,PH,1722901517
178,les cayes,18.2,-73.75,83.93,76,32,3.6,HT,1722901518
179,vadamadurai,10.4667,78.0833,78.15,75,99,11.16,IN,1722901520
180,coalinga,36.1397,-120.3602,104.25,13,27,4.72,US,1722901044
181,zhaqsy,51.9083,67.3133,63.18,67,60,6.6,KZ,1722901522
182,halmeu,47.9667,23.0167,61.65,95,100,6.55,RO,1722901523
183,paraiso,9.8383,-83.8656,69.42,96,83,3.36,CR,1722901353
184,abra pampa,-22.7205,-65.697,43.14,10,0,4.45,AR,1722901526
185,nova sintra,14.8667,-24.7167,79.21,83,54,6.55,CV,1722901495
186,hailar,49.2,119.7,68.63,60,42,8.28,CN,1722901529
187,sonepur,20.8333,83.9167,77.83,93,100,3.8,IN,1722901530
188,port lincoln,-34.7333,135.8667,53.89,80,68,12.33,AU,1722901532
189,basoko,1.2391,23.616,72.39,86,66,1.03,CD,1722901535
190,eket,4.6412,7.9209,74.44,89,100,7.43,NG,1722901536
191,tuy hoa,13.0833,109.3,81.36,76,74,6.82,VN,1722901537
192,ilulissat,69.2167,-51.1,48.22,76,0,4.61,GL,1722901538
193,vilyuchinsk,52.9306,158.4028,59.27,79,100,4.83,RU,1722901418
194,napili-honokowai,20.9708,-156.6705,85.39,72,63,16.37,US,1722901540
195,talnakh,69.4865,88.3972,51.67,59,59,4.29,RU,1722901299
196,recani,31.2846,-4.2688,94.19,10,54,7.36,MA,1722901542
197,yelizovo,53.1873,158.3805,59.14,94,100,6.71,RU,1722901543
198,an nuhud,12.7,28.4333,82.24,58,97,13.44,SD,1722901545
199,wynyard,-41.0,145.7167,50.18,92,83,1.01,AU,1722901546
200,wellington,-41.2866,174.7756,56.07,74,67,10.36,NZ,1722901343
201,polyarnyy,69.1989,33.4478,46.83,74,3,4.03,RU,1722901548
202,copala,16.65,-98.9833,82.8,73,90,5.66,MX,1722901549
203,haiku-pauwela,20.9219,-156.3051,84.25,69,40,23.02,US,1722901550
204,abalak,58.1286,68.5944,62.02,82,86,1.88,RU,1722901551
205,ishigaki,24.3448,124.1572,82.53,94,75,4.61,JP,1722901552
206,portel,-1.9356,-50.8211,80.11,52,1,2.13,BR,1722901553
207,zhezqazghan,47.7833,67.7667,72.0,39,3,5.84,KZ,1722901502
208,flying fish cove,-10.4217,105.6791,74.88,94,100,11.5,CX,1722901555
209,chonchi,-42.6128,-73.8092,45.61,96,100,7.36,CL,1722901557
210,mirnyy,62.5353,113.9611,63.75,68,95,6.67,RU,1722901558
211,manicore,-5.8092,-61.3003,80.4,36,41,2.42,BR,1722901559
212,jeddah,21.5169,39.2192,91.26,75,40,5.75,SA,1722901561
213,wajir,1.7471,40.0573,74.35,49,45,13.53,KE,1722901562
214,rio grande,-32.035,-52.0986,64.51,95,76,15.61,BR,1722901563
215,bishkul,54.7803,69.1033,61.63,95,100,7.31,KZ,1722901564
216,fort st. john,56.2499,-120.8529,60.69,72,75,11.5,CA,1722901292
217,atafu village,-8.5421,-172.5159,82.78,73,86,5.88,TK,1722901566
218,kanazawa,36.5944,136.6256,82.4,78,77,4.09,JP,1722901567
219,constantia,44.1833,28.65,66.88,65,34,10.58,RO,1722901332
220,alo,6.5486,4.2686,75.24,85,100,4.29,NG,1722901570
221,labasa,-16.4167,179.3833,80.53,51,32,5.99,FJ,1722901571
222,klyuchi,52.2667,79.1667,64.0,69,74,6.82,RU,1722901558
223,paghman,34.5875,68.9533,60.62,34,0,3.4,AF,1722901574
224,kodiak,57.79,-152.4072,54.91,94,100,18.41,US,1722901165
225,lata,40.1629,-8.3327,66.07,99,9,2.89,PT,1722901576
226,panet,46.5551,24.4697,64.02,94,75,0.0,RO,1722901578
227,vrangel',42.7297,133.0839,66.78,87,100,5.08,RU,1722901579
228,hermanus,-34.4187,19.2345,45.81,78,5,11.9,ZA,1722901217
229,pangody,65.85,74.4859,46.56,69,49,13.49,RU,1722901582
230,georgetown,5.4112,100.3354,80.53,78,40,11.5,MY,1722901148
231,ji'an,27.1172,114.9793,83.14,72,92,4.41,CN,1722901584
232,mount pearl,47.5166,-52.7813,69.46,95,75,20.71,CA,1722901585
233,la breita,-4.2608,-80.8875,71.82,55,5,12.86,PE,1722901587
234,zyrya,40.3661,50.2917,78.89,78,0,4.52,AZ,1722901588
235,port alberni,49.2413,-124.8028,81.12,36,2,1.3,CA,1722901568
236,pamanukan,-6.2842,107.8106,73.81,78,48,4.79,ID,1722901590
237,susuman,62.7833,148.1667,62.78,39,99,13.49,RU,1722901307
238,brookings,44.3114,-96.7984,63.05,95,100,18.41,US,1722901516
239,puerto baquerizo moreno,-0.9,-89.6,67.87,84,5,15.61,EC,1722901594
240,jinchang,38.4953,102.1739,68.72,55,87,15.68,CN,1722901595
241,bardai,11.65,7.2333,70.68,95,100,6.67,NG,1722901249
242,yeniseysk,58.4497,92.1703,62.01,97,59,1.72,RU,1722901597
243,kurchatov,51.6601,35.6521,69.42,58,100,2.44,RU,1722901598
244,henderson,36.0397,-114.9819,113.65,14,0,10.36,US,1722901200
245,nouadhibou,20.931,-17.0347,71.58,88,20,14.97,MR,1722901479
246,yantzaza,-3.8278,-78.7594,71.82,97,77,2.21,EC,1722901602
247,thunder bay,48.4001,-89.3168,73.38,43,100,8.05,CA,1722901262
248,lompoc,34.6391,-120.4579,75.58,72,0,13.8,US,1722901432
249,santa terezinha,-29.9002,-50.0904,61.66,99,92,10.89,BR,1722901605
250,muromtsevo,56.3724,75.2418,57.54,97,68,3.31,RU,1722901606
251,mount gambier,-37.8333,140.7667,49.59,87,88,8.57,AU,1722901608
252,mount isa,-20.7333,139.5,67.77,49,40,11.5,AU,1722901609
253,kuacjok,8.3002,27.9903,70.41,95,99,3.56,SS,1722901610
254,kailua-kona,19.6406,-155.9956,82.36,82,40,9.22,US,1722901611
255,hotan,37.0997,79.9269,81.9,32,56,4.16,CN,1722901288
256,los llanos de aridane,28.6585,-17.9182,69.55,93,0,12.66,ES,1722901613
257,argo,37.6333,22.7333,77.79,62,0,3.6,GR,1722901614
258,el nido,11.1858,119.3956,77.14,92,88,9.37,PH,1722901615
259,emerald,-23.5333,148.1667,64.35,77,82,3.85,AU,1722901616
260,lesogorsk,56.0458,99.5136,63.75,71,7,2.93,RU,1722901617
261,fortuna,40.5982,-124.1573,61.99,93,100,8.05,US,1722901386
262,sayula de aleman,17.8667,-94.95,85.26,84,51,5.06,MX,1722901620
263,barra de santo antonio,-9.4047,-35.5072,72.68,76,18,11.59,BR,1722901173
264,kruisfontein,-34.0033,24.7314,47.68,55,0,4.29,ZA,1722901145
265,redcliff,-19.0333,29.7833,59.36,29,0,9.48,ZW,1722901623
266,coahuayana de hidalgo,18.7,-103.6583,85.35,75,98,6.91,MX,1722901624
267,la passe,45.5549,-0.8967,70.03,90,0,7.38,FR,1722901342
268,rioja,-29.4111,-66.8507,60.69,39,0,6.42,AR,1722901626
269,vorgashor,67.5833,63.95,40.51,75,9,5.61,RU,1722901525
270,paragominas,-2.9667,-47.4833,77.65,53,56,3.74,BR,1722901628
271,djibouti,11.5,42.5,86.29,51,100,5.97,DJ,1722901630
272,chui,-33.6971,-53.4616,58.68,92,100,13.6,UY,1722901628
273,usakos,-22.0,15.6,62.6,18,0,3.6,NA,1722901632
274,hasaki,35.7333,140.8333,86.29,78,3,7.65,JP,1722901245
275,oytal,42.9057,73.2697,71.76,53,45,8.75,KZ,1722901634
276,usinsk,65.9939,57.5281,43.88,72,34,13.31,RU,1722901635
277,glazunovka,52.4986,36.3275,64.35,60,100,5.32,RU,1722901636
278,kondratovo,57.9804,56.1066,57.49,94,0,6.71,RU,1722901637
279,morant bay,17.8815,-76.4093,89.22,87,20,6.44,JM,1722901638
280,antsiranana,-12.2787,49.2917,71.22,76,8,13.42,MG,1722901187
281,lyantor,61.6195,72.1555,53.83,78,58,14.92,RU,1722901641
282,fortaleza,-3.7227,-38.5247,83.07,91,0,12.66,BR,1722901571
283,ad dilam,23.9915,47.1627,90.01,12,55,5.95,SA,1722901643
284,okhotsk,59.3833,143.3,53.15,88,100,21.5,RU,1722901312
285,callaway,30.153,-85.5699,87.91,74,75,16.11,US,1722901645
286,hami,42.8,93.45,83.91,22,1,6.71,CN,1722901354
287,remire-montjoly,4.9167,-52.2667,80.64,83,0,2.3,GF,1722901163
288,mejit,10.2753,170.8646,83.08,79,100,12.28,MH,1722901195
289,kingston,17.997,-76.7936,88.75,70,20,13.8,JM,1722901219
290,wotho,10.1657,166.0102,81.07,82,100,13.69,MH,1722901650
291,whitehorse,60.7161,-135.0538,81.01,28,20,4.61,CA,1722901194
292,kazerun,29.6195,51.6541,82.63,24,24,4.21,IR,1722901618
293,miagao,10.6442,122.2352,81.55,83,100,7.27,PH,1722901654
294,lubumbashi,-11.6609,27.4794,61.0,28,2,5.77,CD,1722901655
295,honiara,-9.4333,159.95,78.82,87,100,5.88,SB,1722901656
296,mahajanga,-15.7167,46.3167,66.22,88,0,3.44,MG,1722901657
297,mauldin,34.7787,-82.3101,83.16,76,40,10.36,US,1722901658
298,haverfordwest,51.8017,-4.9691,62.55,100,97,12.53,GB,1722901660
299,crane,31.3974,-102.3501,94.66,28,45,14.63,US,1722901398
300,vila velha,-20.3297,-40.2925,71.55,92,0,4.61,BR,1722901173
301,namibe,-15.1961,12.1522,63.45,89,75,0.09,AO,1722901420
302,nishinoomote,30.7333,131.0,86.56,79,40,6.91,JP,1722901664
303,kulhudhuffushi,6.6221,73.07,82.02,78,100,9.4,MV,1722901665
304,sergeyevka,53.88,67.4158,63.25,84,100,6.73,KZ,1722901666
305,al 'aziziyah,32.9058,45.0616,92.86,18,0,9.64,IQ,1722901667
306,reggane,26.7158,0.1714,101.16,10,43,9.89,DZ,1722901668
307,bamboo flat,11.7,92.7167,78.89,94,75,2.3,IN,1722901669
308,port alfred,-33.5906,26.891,54.88,63,0,7.45,ZA,1722901466
309,melipilla,-33.7,-71.2167,51.75,97,100,2.98,CL,1722901673
310,argostolion,38.1811,20.489,82.74,38,0,4.79,GR,1722901674
311,praia da vitoria,38.7333,-27.0667,77.25,83,20,3.58,PT,1722900991
312,guimbal,10.6633,122.3228,82.04,81,100,9.08,PH,1722901676
313,jackson,42.4165,-122.8345,97.09,26,0,11.99,US,1722901677
314,nagqu,31.5,92.0,40.6,80,14,3.11,CN,1722901665
315,hirara,24.8,125.2833,82.67,94,75,12.66,JP,1722901409
316,winslow,35.0242,-110.6974,96.98,17,0,3.44,US,1722901680
317,lupane,-18.9315,27.807,56.5,20,0,7.25,ZW,1722901682
318,gisborne,-38.6533,178.0042,52.27,59,10,1.97,NZ,1722901683
319,kwang binh,17.4833,106.6,84.87,70,58,7.25,VN,1722901684
320,katsuura,35.1333,140.3,80.35,83,8,7.4,JP,1722901685
321,korla,41.7597,86.1469,83.93,33,93,8.08,CN,1722901686
322,boa vista,2.8197,-60.6733,87.78,58,40,4.61,BR,1722901492
323,pathein,16.7833,94.7333,78.04,89,100,1.66,MM,1722901688
324,cuenca,-2.8833,-78.9833,69.93,37,75,12.66,EC,1722901668
325,rockingham,42.9668,-71.0995,78.78,75,74,2.01,US,1722901691
326,kashgar,39.4547,75.9797,70.81,78,75,4.47,CN,1722901692
327,st. john's,47.5649,-52.7093,70.16,97,75,20.71,CA,1722901429
328,kismayo,-0.3582,42.5454,75.04,78,4,13.65,SO,1722901694
329,dudinka,69.4058,86.1778,47.66,63,74,19.55,RU,1722901278
330,karratha,-20.7377,116.8463,64.06,43,59,10.54,AU,1722901696
331,timmins,48.4669,-81.3331,67.82,42,75,5.75,CA,1722901697
332,sao joao da barra,-21.6403,-41.0511,71.69,84,0,19.35,BR,1722901698
333,zouerate,22.7187,-12.4521,89.35,22,1,23.4,MR,1722901699
334,villa regina,-39.1,-67.0667,55.98,24,100,3.0,AR,1722901700
335,shchuchinsk,52.9333,70.2,58.05,90,73,6.82,KZ,1722901701
336,al 'amarah,31.8406,47.1396,94.98,16,0,11.12,IQ,1722901703
337,fredericksburg,38.3032,-77.4605,89.82,66,0,10.36,US,1722901704
338,igarka,67.4667,86.5833,48.52,68,100,11.86,RU,1722901705
339,arti,56.4234,58.5328,55.85,99,62,4.88,RU,1722901706
340,nemuro,43.3236,145.575,63.05,97,89,7.54,JP,1722901350
341,zharkent,44.1628,80.0,73.62,36,100,5.23,KZ,1722901708
342,black river,18.0264,-77.8487,84.27,75,68,1.74,JM,1722901710
343,colonia,50.9333,6.95,66.96,82,0,3.44,DE,1722901330
344,thinadhoo,0.5333,72.9333,83.08,70,100,3.33,MV,1722901713
345,igrim,63.1906,64.4162,50.83,73,100,9.86,RU,1722901600
346,tindouf,27.6711,-8.1474,97.25,9,1,12.66,DZ,1722901715
347,hongqiao,26.7684,112.1081,84.2,76,99,2.66,CN,1722901716
348,novooleksiyivka,46.2269,34.6428,69.22,53,76,5.68,UA,1722901717
349,moranbah,-22.0016,148.0466,69.89,55,0,3.98,AU,1722901718
350,sao jose do egito,-7.4789,-37.2744,66.63,80,10,13.0,BR,1722901719
351,venice,27.0998,-82.4543,84.25,93,20,16.11,US,1722901539
352,badger,64.8,-147.5333,86.36,32,20,10.36,US,1722901169
353,trairi,-3.2778,-39.2689,77.7,79,98,12.64,BR,1722901466
354,quepos,9.4236,-84.1652,79.63,84,81,1.79,CR,1722901724
355,slave lake,55.2834,-114.769,66.18,63,100,5.75,CA,1722901522
356,kolwezi,-10.7148,25.4667,61.93,23,2,7.23,CD,1722901726
357,sinhyeon,34.8825,128.6267,82.29,81,99,3.51,KR,1722901727
358,mujiayingzi,42.1167,118.7833,73.33,58,0,3.85,CN,1722901728
359,oroshaza,46.5667,20.6667,58.95,93,78,4.94,HU,1722901729
360,bayganin,48.6947,55.8742,77.81,30,4,7.43,KZ,1722901730
361,antofagasta,-23.65,-70.4,56.48,88,50,4.68,CL,1722901614
362,tubarjal,30.4999,38.216,79.32,50,0,11.18,SA,1722901732
363,mugia,43.1041,-9.2179,70.16,95,70,1.77,ES,1722901734
364,carboneras,37.0015,-1.9213,80.31,65,0,6.11,ES,1722901735
365,taro,-8.3862,115.28,71.6,89,77,2.24,ID,1722901547
366,novovolyns'k,50.7258,24.1626,57.31,92,100,6.62,UA,1722901737
367,douentza,14.9951,-2.9517,85.62,61,50,4.18,ML,1722901738
368,champerico,14.3,-91.9167,90.14,74,87,2.15,GT,1722901739
369,bonoua,5.2741,-3.595,76.62,90,100,4.99,CI,1722901740
370,jaca,42.569,-0.5499,71.98,58,3,4.25,ES,1722901741
371,road town,18.4167,-64.6167,84.29,74,40,12.66,VG,1722901742
372,jutai,-5.1833,-68.9,81.34,61,96,2.06,BR,1722901744
373,timimoun,29.2639,0.231,100.78,9,0,5.75,DZ,1722901745
374,aghstafa,41.1189,45.4539,74.79,68,4,5.08,AZ,1722901746
375,bima,-8.4667,118.7167,79.7,71,31,4.52,ID,1722901747
376,taulaga,-11.0553,-171.0883,80.46,82,45,11.81,AS,1722901750
377,mayya,61.7333,130.2811,58.32,91,100,6.51,RU,1722901751
378,mossel bay,-34.1831,22.146,49.93,63,0,2.91,ZA,1722901752
379,ghat,24.9647,10.1728,87.33,18,0,5.35,LY,1722901753
380,karkira,36.9292,6.5856,72.93,63,0,4.21,DZ,1722901755
381,puerto esperanza,-26.0152,-54.6731,74.88,59,35,2.8,AR,1722901672
382,bonnyville,54.2668,-110.735,57.0,78,100,9.04,CA,1722901757
383,acapulco de juarez,16.8634,-99.8901,85.82,70,40,5.75,MX,1722901508
384,manta,-0.95,-80.7333,76.78,78,75,12.66,EC,1722901759
385,windhoek,-22.5594,17.0832,55.11,33,0,5.01,NA,1722901761
386,manggar,-2.8833,108.2667,82.15,72,71,14.56,ID,1722901762
387,laguna,38.421,-121.4238,101.53,21,0,8.05,US,1722901763
388,narok,-1.0783,35.8601,55.27,81,51,4.16,KE,1722901765
389,prince rupert,54.3161,-130.3201,64.09,88,40,12.66,CA,1722901766
390,yaprakli,40.7579,33.7782,60.75,83,36,4.7,TR,1722901767
391,kourou,5.1552,-52.6478,80.65,81,11,7.54,GF,1722901239
392,sur,22.5667,59.5289,83.82,69,100,7.2,OM,1722901769
393,noosa heads,-26.3833,153.15,68.34,64,91,10.13,AU,1722901770
394,walvis bay,-22.9575,14.5053,51.1,87,0,5.14,NA,1722901771
395,fort-shevchenko,44.5086,50.263,84.56,46,70,3.29,KZ,1722901772
396,luderitz,-26.6481,15.1594,55.53,78,0,19.95,NA,1722901773
397,meadow lake,34.8014,-106.5436,92.37,35,18,4.59,US,1722901587
398,las higueras,-33.0923,-64.289,52.56,67,2,9.44,AR,1722901776
399,miami,25.7743,-80.1937,90.0,74,100,16.11,US,1722901606
400,mahina,-17.5065,-149.489,80.37,74,75,23.02,PF,1722901778
401,aegina,37.7467,23.4275,84.72,70,0,3.02,GR,1722901779
402,kodinsk,58.6881,99.1844,63.57,67,13,3.71,RU,1722901780
403,hue,16.4667,107.6,82.51,74,20,1.14,VN,1722901781
404,afgooye,2.1381,45.1212,73.18,75,11,12.91,SO,1722901782
405,vanimo,-2.6741,141.3028,83.8,68,100,5.06,PG,1722901783
406,broken hill,-31.95,141.4333,48.97,70,2,1.88,AU,1722901586
407,balykchy,42.4557,76.1861,69.8,93,97,7.47,KG,1722901786
408,jieshou,33.2634,115.3611,79.88,93,95,10.51,CN,1722901787
409,mersa matruh,31.3525,27.2453,79.0,94,40,9.22,EG,1722901788
410,northam,51.0333,-4.2167,61.66,95,100,10.78,GB,1722901543
411,kerikeri,-35.2268,173.9474,61.92,72,42,5.99,NZ,1722901247
412,nantucket,41.2835,-70.0995,78.03,88,0,6.91,US,1722901341
413,san juan,-31.5375,-68.5364,67.17,11,0,11.16,AR,1722901668
414,valdivia,-39.8142,-73.2459,46.49,97,100,2.98,CL,1722901703
415,devin,41.7433,24.4,59.07,75,7,1.14,BG,1722901795
416,betio village,1.358,172.9211,84.69,63,75,11.5,KI,1722901796
417,baoying,33.2292,119.3092,85.42,75,22,5.66,CN,1722901797
418,santana,-0.0583,-51.1817,86.18,74,0,6.91,BR,1722901301
419,lerwick,60.1545,-1.1494,57.2,99,99,6.13,GB,1722901228
420,odacho-oda,35.1833,132.5,83.17,73,23,2.98,JP,1722901800
421,nizhnesortymskiy,62.4397,71.7603,53.22,73,93,13.8,RU,1722901801
422,figuig (centre),32.1089,-1.2286,90.52,13,83,4.07,MA,1722901803
423,pasni,25.2631,63.471,82.58,82,99,6.15,PK,1722901804
424,happy valley-goose bay,53.3168,-60.3315,71.91,43,40,6.91,CA,1722901805
425,zhumysker,49.3333,49.4,75.9,55,100,4.23,KZ,1722901807
426,tofol,5.3248,163.0078,87.58,70,75,3.44,FM,1722901808
427,esikhaleni,-28.871,31.8996,60.39,73,46,1.66,ZA,1722901810
428,armacao de buzios,-22.7469,-41.8817,75.25,86,0,20.87,BR,1722901811
429,shimoda,34.6667,138.95,84.56,74,11,8.03,JP,1722901812
430,tokmak,47.2514,35.7058,66.63,61,90,6.82,UA,1722901813
431,maputo,-25.9653,32.5892,60.48,82,40,6.91,MZ,1722901815
432,lamarque,-39.423,-65.7021,56.35,43,100,10.13,AR,1722901816
433,kikwit,-5.041,18.8162,80.56,44,99,1.59,CD,1722901817
434,montepuez,-13.1256,38.9997,60.57,86,0,2.84,MZ,1722901821
435,afaahiti,-17.75,-149.2833,78.67,79,46,18.05,PF,1722901822
436,puerto asis,0.5133,-76.5007,71.65,95,100,1.79,CO,1722901823
437,punta arenas,-53.15,-70.9167,30.31,86,20,6.91,CL,1722901701
438,sarakhs,36.5449,61.1577,81.45,21,0,6.51,IR,1722901826
439,yanbu,24.0891,38.0637,93.24,70,40,11.5,SA,1722901827
440,kanker,20.2719,81.4931,74.8,94,100,3.69,IN,1722901828
441,zhanibek,49.4167,46.85,75.06,56,81,7.63,KZ,1722901829
442,nkhata bay,-11.6066,34.2907,66.87,51,0,4.56,MW,1722901830
443,kenai,60.5544,-151.2583,64.45,59,75,8.05,US,1722901771
444,masuguru,-11.3667,38.4167,65.79,71,0,2.95,TZ,1722901832
445,waingapu,-9.6567,120.2641,78.6,70,87,13.35,ID,1722901833
446,aleppo,36.25,37.5,76.32,61,0,18.81,SY,1722901834
447,novosmolinskiy,56.2841,43.0507,56.68,90,49,3.42,RU,1722901836
448,puerto rico,-26.796,-55.024,70.54,65,76,3.53,AR,1722901663
449,darwin,-12.4611,130.8418,78.78,73,20,8.05,AU,1722901839
450,new plymouth,-39.0667,174.0833,51.31,100,26,3.62,NZ,1722901840
451,oral,51.2333,51.3667,64.38,82,20,6.71,KZ,1722901841
452,malango,-2.9627,119.9001,71.46,84,18,1.86,ID,1722901842
453,najran,17.4924,44.1277,84.85,36,99,10.71,SA,1722901844
454,bonthe,7.5264,-12.505,76.64,87,91,8.55,SL,1722901845
455,huarmey,-10.0681,-78.1522,61.68,86,2,16.24,PE,1722901683
456,clorinda,-25.2848,-57.7185,77.97,69,42,3.76,AR,1722901847
457,ouesso,1.6136,16.0517,70.2,91,64,2.1,CG,1722901848
458,alofi,-19.0595,-169.9187,75.09,83,100,6.91,NU,1722901849
459,hilo,19.7297,-155.09,82.13,72,0,10.36,US,1722901850
460,hede,33.7681,120.2517,84.16,78,6,5.57,CN,1722901851
461,lere,10.387,8.5726,70.47,85,100,4.5,NG,1722901853
462,newman,37.3138,-121.0208,100.74,8,18,7.0,US,1722901855
463,richards bay,-28.783,32.0377,61.75,67,42,1.99,ZA,1722901856
464,det udom,14.906,105.0784,78.62,83,87,3.78,TH,1722901857
465,kumertau,52.7667,55.7833,62.4,80,99,3.74,RU,1722901858
466,island harbour,50.724,-1.2758,66.22,79,89,3.0,GB,1722901859
467,oranjemund,-28.55,16.4333,53.98,81,0,20.07,NA,1722901732
468,bandar-e lengeh,26.5579,54.8807,90.18,73,95,10.11,IR,1722901861
469,cole harbour,44.6724,-63.4751,70.83,83,58,16.11,CA,1722901862
470,yaren,-0.5472,166.916,83.62,70,27,9.48,NR,1722901443
471,vadso,70.0744,29.7487,50.88,93,100,8.05,NO,1722901294
472,pirai do sul,-24.5261,-49.9486,61.32,62,4,2.1,BR,1722901866
473,kovdor,67.5662,30.4758,49.69,69,15,2.59,RU,1722901867
474,tsiombe,-25.3,45.4833,63.25,96,5,2.24,MG,1722901596
475,dakhla,23.6848,-15.958,66.83,94,3,17.96,EH,1722901870
476,wladyslawowo,54.7909,18.4009,58.93,88,2,4.56,PL,1722901871
477,olyokminsk,60.3736,120.4264,63.23,74,33,1.21,RU,1722901872
478,ostersund,63.1792,14.6357,63.05,82,75,8.05,SE,1722901873
479,talodi,10.6325,30.3797,71.78,96,95,2.98,SD,1722901875
480,nacala,-14.5428,40.6728,64.4,92,10,2.08,MZ,1722901876
481,yuzhno-kurilsk,44.0306,145.8556,62.62,99,100,6.04,RU,1722901464
482,verkhniy baskunchak,48.2256,46.7217,73.2,67,63,4.97,RU,1722901879
483,fuglafjordur,62.244,-6.814,52.27,94,0,9.95,FO,1722901880
484,longboat key,27.4125,-82.659,86.0,78,75,8.99,US,1722901881
485,mutuipe,-13.2286,-39.5047,61.79,98,2,3.62,BR,1722901882
486,dobje pri planini,46.1367,15.4089,63.68,96,49,1.9,SI,1722901883
487,penco,-36.7333,-72.9833,49.05,76,40,4.61,CL,1722901884
488,huangshan,29.7114,118.3125,81.21,79,76,0.65,CN,1722901885
489,bang saphan,11.2126,99.5117,78.04,89,87,3.29,TH,1722901887
490,debre birhan,9.6833,39.5333,51.03,96,100,1.21,ET,1722901889
491,novo aripuana,-5.1206,-60.3797,80.94,39,86,2.17,BR,1722901890
492,labuan,5.2767,115.2417,79.16,94,20,0.0,MY,1722901891
493,pavlovka,52.6897,47.1405,63.34,72,87,3.11,RU,1722901892
494,tolanaro,-25.0319,46.9987,66.27,77,0,2.3,MG,1722901893
495,suntar,62.1444,117.6319,67.23,56,14,4.68,RU,1722901894
496,middelburg,-25.7751,29.4648,46.11,70,44,4.54,ZA,1722901896
497,mouila,-1.8685,11.0559,70.86,78,47,2.42,GA,1722901897
498,quellon,-43.1167,-73.6167,44.62,98,100,8.57,CL,1722901898
499,general villegas,-35.0328,-63.0125,54.28,90,2,8.23,AR,1722901647
500,qandala,11.472,49.8728,88.07,62,65,5.06,SO,1722901900
501,bel ombre,-4.6167,55.4167,78.64,83,40,13.8,SC,1722901844
502,valparaiso,-33.0393,-71.6273,55.99,77,100,3.44,CL,1722901902
503,thayetmyo,19.3167,95.1833,75.13,98,100,6.06,MM,1722901903
504,yazman,29.1212,71.7446,85.5,74,97,15.37,PK,1722901905
505,pandan,14.0453,124.1694,84.25,75,100,11.79,PH,1722901695
506,santa elena de uairen,4.6167,-61.1333,67.71,82,87,0.63,VE,1722901907
507,melekeok village,7.4957,134.6367,86.56,89,75,4.61,PW,1722901908
508,yass,-34.8333,148.9167,50.02,94,4,2.46,AU,1722901909
509,sinabang,2.4803,96.3801,78.19,81,96,1.14,ID,1722901363
510,carutapera,-1.195,-46.02,78.51,80,23,8.81,BR,1722901911
511,gujba,11.5032,11.9367,75.38,83,100,7.94,NG,1722901912
512,kirakira,-10.4544,161.9205,80.8,80,100,12.03,SB,1722901913
513,lashio,22.9333,97.75,68.81,98,96,0.67,MM,1722901915
514,conception bay south,47.4999,-52.9981,70.05,94,100,11.74,CA,1722901916
515,bandarbeyla,9.4942,50.8122,76.57,80,76,27.56,SO,1722901349
516,bayanhongor,46.7167,100.1167,57.52,45,39,3.02,MN,1722901468
517,sanctuary point,-35.1114,150.629,61.75,64,6,8.05,AU,1722901920
518,barcelos,41.5388,-8.6151,64.69,96,1,3.49,PT,1722901557
519,belel,7.05,14.4333,62.38,92,100,2.53,CM,1722901925
520,kavieng,-2.5744,150.7967,82.81,76,96,13.8,PG,1722901926
521,dickinson,29.4608,-95.0513,94.12,58,40,9.22,US,1722901650
522,srandakan,-7.9386,110.2506,73.09,85,100,4.56,ID,1722901928
523,kralendijk,12.15,-68.2667,84.18,74,20,16.11,BQ,1722901797
524,hafnarfjordur,64.0671,-21.9377,51.67,100,100,2.3,IS,1722901931
525,as sulayyil,20.4607,45.5779,91.65,21,100,5.75,SA,1722901933
526,harper,4.375,-7.7169,74.32,89,100,2.95,LR,1722901934
527,bontang,0.1333,117.5,78.31,86,87,5.44,ID,1722901935
528,san clemente del tuyu,-36.3569,-56.7235,53.55,90,100,20.07,AR,1722901936
529,sittwe,20.15,92.9,78.57,89,100,7.4,MM,1722901937
530,ryotsu-minato,38.0833,138.4333,78.17,81,88,3.71,JP,1722901938
531,berezovyy,51.6667,135.7,78.44,70,100,4.36,RU,1722901940
532,grand-lahou,5.1367,-5.0242,73.47,92,99,5.26,CI,1722901694
533,nagato,34.3833,131.2,87.21,71,11,3.85,JP,1722901942
534,dalhousie,32.5333,75.9833,63.99,95,78,0.72,IN,1722901943
535,greymouth,-42.4667,171.2,52.18,68,10,0.58,NZ,1722901944
536,usogorsk,63.4106,48.6872,52.66,97,96,5.26,RU,1722901945
537,kyenjojo,0.6328,30.6214,61.77,98,65,1.48,UG,1722901946
538,al ghayzah,16.2079,52.176,76.78,90,81,2.86,YE,1722901947
539,mukalla,14.5425,49.1242,82.36,81,100,6.08,YE,1722901948
540,camana,-16.6228,-72.7111,59.81,89,63,5.97,PE,1722901949
541,siniscola,40.5719,9.6922,78.35,69,45,2.51,IT,1722901501
542,beledweyne,4.7358,45.2036,74.26,66,52,18.34,SO,1722901952
543,manaure,11.7751,-72.4445,83.39,74,100,21.23,CO,1722901953
544,villa gesell,-37.2639,-56.973,54.05,90,88,17.0,AR,1722901954
545,baoding,38.8511,115.4903,82.27,70,22,3.18,CN,1722901955
546,bovril,-31.3431,-59.4451,58.91,96,100,5.01,AR,1722901956
547,sault ste. marie,46.5168,-84.3333,70.09,52,0,14.97,CA,1722901888
548,konarka,19.9,86.1167,81.0,80,100,9.98,IN,1722901958
549,visakhapatnam,17.69,83.2093,83.5,75,100,9.66,IN,1722901959
550,ha'il,27.5219,41.6907,86.02,26,0,2.3,SA,1722901960
551,urcos,-13.6861,-71.6228,58.89,79,67,7.29,PE,1722901962
552,yantarnyy,54.8717,19.9381,66.06,86,9,10.85,RU,1722901963
553,cabanas,22.9758,-82.9219,81.77,85,98,4.59,CU,1722901964
554,khandyga,62.6667,135.6,51.6,89,100,8.03,RU,1722901669
555,hammerfest,70.6634,23.6821,60.48,58,8,8.95,NO,1722901966
556,rawson,-43.3002,-65.1023,48.87,75,100,5.5,AR,1722901775
557,harstad,68.799,16.5293,58.39,72,73,2.91,NO,1722901402
558,zhangjiakou,40.81,114.8794,74.01,57,0,1.88,CN,1722901969
559,ma'an,26.9775,110.7211,81.32,80,98,4.23,CN,1722901972
560,acajutla,13.5928,-89.8275,82.74,77,30,2.51,SV,1722901973
561,lazaro cardenas,17.9583,-102.2,83.57,76,100,2.71,MX,1722901932
562,greenville,35.6127,-77.3663,81.12,87,40,10.36,US,1722901975
563,luau,-10.7073,22.2247,63.77,21,2,4.83,AO,1722901976
564,sharm el-sheikh,27.8518,34.305,87.94,62,0,5.75,EG,1722901977
